﻿<?xml version="1.0" encoding="utf-8"?>
<ImportExportXml version="9.0.2.3034" SolutionPackageVersion="9.0" languagecode="1033" generatedBy="OnPremise" xmlns:xsi="http://www.w3.org/2001/XMLSchema-instance">
  <SolutionManifest>
    <UniqueName>BCCASAPIntegration</UniqueName>
    <LocalizedNames>
      <LocalizedName description="BC CAS AP Integration" languagecode="1033" />
    </LocalizedNames>
    <Descriptions />
    <Version>0.0.0.4</Version>
    <Managed>1</Managed>
    <Publisher>
      <UniqueName>quartech</UniqueName>
      <LocalizedNames>
        <LocalizedName description="Quartech Systems" languagecode="1033" />
      </LocalizedNames>
      <Descriptions />
      <EMailAddress xsi:nil="true"></EMailAddress>
      <SupportingWebsiteUrl xsi:nil="true"></SupportingWebsiteUrl>
      <CustomizationPrefix>educ</CustomizationPrefix>
      <CustomizationOptionValuePrefix>61041</CustomizationOptionValuePrefix>
      <Addresses>
        <Address>
          <AddressNumber>1</AddressNumber>
          <AddressTypeCode>1</AddressTypeCode>
          <City xsi:nil="true"></City>
          <County xsi:nil="true"></County>
          <Country xsi:nil="true"></Country>
          <Fax xsi:nil="true"></Fax>
          <FreightTermsCode xsi:nil="true"></FreightTermsCode>
          <ImportSequenceNumber xsi:nil="true"></ImportSequenceNumber>
          <Latitude xsi:nil="true"></Latitude>
          <Line1 xsi:nil="true"></Line1>
          <Line2 xsi:nil="true"></Line2>
          <Line3 xsi:nil="true"></Line3>
          <Longitude xsi:nil="true"></Longitude>
          <Name xsi:nil="true"></Name>
          <PostalCode xsi:nil="true"></PostalCode>
          <PostOfficeBox xsi:nil="true"></PostOfficeBox>
          <PrimaryContactName xsi:nil="true"></PrimaryContactName>
          <ShippingMethodCode>1</ShippingMethodCode>
          <StateOrProvince xsi:nil="true"></StateOrProvince>
          <Telephone1 xsi:nil="true"></Telephone1>
          <Telephone2 xsi:nil="true"></Telephone2>
          <Telephone3 xsi:nil="true"></Telephone3>
          <TimeZoneRuleVersionNumber xsi:nil="true"></TimeZoneRuleVersionNumber>
          <UPSZone xsi:nil="true"></UPSZone>
          <UTCOffset xsi:nil="true"></UTCOffset>
          <UTCConversionTimeZoneCode xsi:nil="true"></UTCConversionTimeZoneCode>
        </Address>
        <Address>
          <AddressNumber>2</AddressNumber>
          <AddressTypeCode>1</AddressTypeCode>
          <City xsi:nil="true"></City>
          <County xsi:nil="true"></County>
          <Country xsi:nil="true"></Country>
          <Fax xsi:nil="true"></Fax>
          <FreightTermsCode xsi:nil="true"></FreightTermsCode>
          <ImportSequenceNumber xsi:nil="true"></ImportSequenceNumber>
          <Latitude xsi:nil="true"></Latitude>
          <Line1 xsi:nil="true"></Line1>
          <Line2 xsi:nil="true"></Line2>
          <Line3 xsi:nil="true"></Line3>
          <Longitude xsi:nil="true"></Longitude>
          <Name xsi:nil="true"></Name>
          <PostalCode xsi:nil="true"></PostalCode>
          <PostOfficeBox xsi:nil="true"></PostOfficeBox>
          <PrimaryContactName xsi:nil="true"></PrimaryContactName>
          <ShippingMethodCode>1</ShippingMethodCode>
          <StateOrProvince xsi:nil="true"></StateOrProvince>
          <Telephone1 xsi:nil="true"></Telephone1>
          <Telephone2 xsi:nil="true"></Telephone2>
          <Telephone3 xsi:nil="true"></Telephone3>
          <TimeZoneRuleVersionNumber xsi:nil="true"></TimeZoneRuleVersionNumber>
          <UPSZone xsi:nil="true"></UPSZone>
          <UTCOffset xsi:nil="true"></UTCOffset>
          <UTCConversionTimeZoneCode xsi:nil="true"></UTCConversionTimeZoneCode>
        </Address>
      </Addresses>
    </Publisher>
    <RootComponents>
      <RootComponent type="1" schemaName="contact" behavior="1" />
      <RootComponent type="1" schemaName="educ_config" behavior="0" />
      <RootComponent type="1" schemaName="educ_payment" behavior="2" />
      <RootComponent type="29" id="{d1830461-0ed2-4dbc-9701-01d0628dacca}" behavior="0" />
      <RootComponent type="60" id="{a4361f88-37f2-42be-a05e-b132830e070f}" behavior="0" />
      <RootComponent type="91" id="{ad241eee-a894-4c11-ae85-ff0e2dfed80d}" schemaName="Ecas.Dyn365.CASIntegration.Plugin, Version=1.3.0.0, Culture=neutral, PublicKeyToken=ef84cd8dc966ca1c" behavior="0" />
    </RootComponents>
    <MissingDependencies>
      <MissingDependency>
        <Required key="0" type="1" schemaName="educ_payment" displayName="Payment" solution="Active" />
        <Dependent key="0" type="1" schemaName="educ_payment" displayName="Payment" />
      </MissingDependency>
      <MissingDependency>
        <Required key="1" type="2" schemaName="educ_name" displayName="Payment" parentSchemaName="educ_payment" parentDisplayName="Payment" solution="Active" />
        <Dependent key="2" type="29" displayName="CAS AP : Verify Payment Status" id="{d1830461-0ed2-4dbc-9701-01d0628dacca}" />
      </MissingDependency>
      <MissingDependency>
        <Required key="3" type="2" schemaName="educ_paymentid" displayName="Payment" parentSchemaName="educ_payment" parentDisplayName="Payment" solution="Active" />
        <Dependent key="2" type="29" displayName="CAS AP : Verify Payment Status" id="{d1830461-0ed2-4dbc-9701-01d0628dacca}" />
      </MissingDependency>
      <MissingDependency>
        <Required key="4" type="90" schemaName="Ecas.Dyn365.CASIntegration.Workflows.VerifyAndUpdateCasPaymentStatus, Ecas.Dyn365.CASIntegration.Workflows, Version=1.3.0.0, Culture=neutral, PublicKeyToken=35b7301adb3cafca" displayName="Ecas.Dyn365.CASIntegration.Workflows.VerifyAndUpdateCasPaymentStatus" solution="Active" id="{0da690e0-ac9a-44b4-b2b3-6b1d6d5cfe70}" />
        <Dependent key="2" type="29" displayName="CAS AP : Verify Payment Status" id="{d1830461-0ed2-4dbc-9701-01d0628dacca}" />
      </MissingDependency>
      <MissingDependency>
        <Required key="5" type="61" schemaName="educ_PaymentIcon" displayName="educ_PaymentIcon" solution="Active" />
        <Dependent key="0" type="1" schemaName="educ_payment" displayName="Payment" />
      </MissingDependency>
    </MissingDependencies>
  </SolutionManifest>
</ImportExportXml>