<ImportExportXml version="9.0.2.3034" SolutionPackageVersion="9.0" languagecode="1033" generatedBy="OnPremise" xmlns:xsi="http://www.w3.org/2001/XMLSchema-instance">
  <SolutionManifest>
    <UniqueName>ECASCustomizations</UniqueName>
    <LocalizedNames>
      <LocalizedName description="ECAS Customizations" languagecode="1033" />
    </LocalizedNames>
    <Descriptions>
      <Description description="ECAS - All custom entities, fields, forms, views" languagecode="1033" />
    </Descriptions>
    <Version>0.0.1.9</Version>
    <Managed>1</Managed>
    <Publisher>
      <UniqueName>quartech</UniqueName>
      <LocalizedNames>
        <LocalizedName description="Quartech Systems" languagecode="1033" />
      </LocalizedNames>
      <Descriptions />
      <EMailAddress xsi:nil="true"></EMailAddress>
      <SupportingWebsiteUrl xsi:nil="true"></SupportingWebsiteUrl>
      <CustomizationPrefix>educ</CustomizationPrefix>
      <CustomizationOptionValuePrefix>61041</CustomizationOptionValuePrefix>
      <Addresses>
        <Address>
          <AddressNumber>1</AddressNumber>
          <AddressTypeCode>1</AddressTypeCode>
          <City xsi:nil="true"></City>
          <County xsi:nil="true"></County>
          <Country xsi:nil="true"></Country>
          <Fax xsi:nil="true"></Fax>
          <FreightTermsCode xsi:nil="true"></FreightTermsCode>
          <ImportSequenceNumber xsi:nil="true"></ImportSequenceNumber>
          <Latitude xsi:nil="true"></Latitude>
          <Line1 xsi:nil="true"></Line1>
          <Line2 xsi:nil="true"></Line2>
          <Line3 xsi:nil="true"></Line3>
          <Longitude xsi:nil="true"></Longitude>
          <Name xsi:nil="true"></Name>
          <PostalCode xsi:nil="true"></PostalCode>
          <PostOfficeBox xsi:nil="true"></PostOfficeBox>
          <PrimaryContactName xsi:nil="true"></PrimaryContactName>
          <ShippingMethodCode>1</ShippingMethodCode>
          <StateOrProvince xsi:nil="true"></StateOrProvince>
          <Telephone1 xsi:nil="true"></Telephone1>
          <Telephone2 xsi:nil="true"></Telephone2>
          <Telephone3 xsi:nil="true"></Telephone3>
          <TimeZoneRuleVersionNumber xsi:nil="true"></TimeZoneRuleVersionNumber>
          <UPSZone xsi:nil="true"></UPSZone>
          <UTCOffset xsi:nil="true"></UTCOffset>
          <UTCConversionTimeZoneCode xsi:nil="true"></UTCConversionTimeZoneCode>
        </Address>
        <Address>
          <AddressNumber>2</AddressNumber>
          <AddressTypeCode>1</AddressTypeCode>
          <City xsi:nil="true"></City>
          <County xsi:nil="true"></County>
          <Country xsi:nil="true"></Country>
          <Fax xsi:nil="true"></Fax>
          <FreightTermsCode xsi:nil="true"></FreightTermsCode>
          <ImportSequenceNumber xsi:nil="true"></ImportSequenceNumber>
          <Latitude xsi:nil="true"></Latitude>
          <Line1 xsi:nil="true"></Line1>
          <Line2 xsi:nil="true"></Line2>
          <Line3 xsi:nil="true"></Line3>
          <Longitude xsi:nil="true"></Longitude>
          <Name xsi:nil="true"></Name>
          <PostalCode xsi:nil="true"></PostalCode>
          <PostOfficeBox xsi:nil="true"></PostOfficeBox>
          <PrimaryContactName xsi:nil="true"></PrimaryContactName>
          <ShippingMethodCode>1</ShippingMethodCode>
          <StateOrProvince xsi:nil="true"></StateOrProvince>
          <Telephone1 xsi:nil="true"></Telephone1>
          <Telephone2 xsi:nil="true"></Telephone2>
          <Telephone3 xsi:nil="true"></Telephone3>
          <TimeZoneRuleVersionNumber xsi:nil="true"></TimeZoneRuleVersionNumber>
          <UPSZone xsi:nil="true"></UPSZone>
          <UTCOffset xsi:nil="true"></UTCOffset>
          <UTCConversionTimeZoneCode xsi:nil="true"></UTCConversionTimeZoneCode>
        </Address>
      </Addresses>
    </Publisher>
    <RootComponents>
      <RootComponent type="1" schemaName="contact" behavior="2" />
      <RootComponent type="1" schemaName="educ_assignment" behavior="0" />
      <RootComponent type="1" schemaName="educ_countrycode" behavior="0" />
      <RootComponent type="1" schemaName="educ_credential" behavior="0" />
      <RootComponent type="1" schemaName="educ_credentialcode" behavior="0" />
      <RootComponent type="1" schemaName="educ_districtcode" behavior="0" />
      <RootComponent type="1" schemaName="educ_exoense" behavior="0" />
      <RootComponent type="1" schemaName="educ_expensecode" behavior="0" />
      <RootComponent type="1" schemaName="educ_payment" behavior="0" />
      <RootComponent type="1" schemaName="educ_projectcode" behavior="0" />
      <RootComponent type="1" schemaName="educ_provincestatecode" behavior="0" />
      <RootComponent type="1" schemaName="educ_rolecode" behavior="0" />
      <RootComponent type="1" schemaName="educ_schoollist" behavior="0" />
      <RootComponent type="1" schemaName="educ_session" behavior="0" />
      <RootComponent type="1" schemaName="educ_sessionactivitycode" behavior="0" />
      <RootComponent type="1" schemaName="educ_sessiontypecode" behavior="0" />
      <RootComponent type="1" schemaName="educ_subjectcode" behavior="0" />
      <RootComponent type="1" schemaName="educ_teachingexperience" behavior="0" />
      <RootComponent type="1" schemaName="systemuser" behavior="0" />
      <RootComponent type="9" schemaName="educ_ayesornonullable" behavior="0" />
      <RootComponent type="9" schemaName="educ_ecasyesno" behavior="0" />
      <RootComponent type="20" id="{33163aa5-034e-e911-a980-000d3af475a9}" behavior="0" />
      <RootComponent type="20" id="{79843f54-0d4e-e911-a980-000d3af475a9}" behavior="0" />
      <RootComponent type="20" id="{8f991e1c-0d4e-e911-a980-000d3af475a9}" behavior="0" />
      <RootComponent type="20" id="{b52873d5-0c4e-e911-a980-000d3af475a9}" behavior="0" />
      <RootComponent type="20" id="{bd194fa2-5765-e911-b80a-005056833c5b}" behavior="0" />
      <RootComponent type="29" id="{1a3b40ff-5570-e911-b80a-005056833c5b}" behavior="0" />
      <RootComponent type="29" id="{3c26a464-6e5d-e911-a98d-000d3af438b6}" behavior="0" />
      <RootComponent type="29" id="{6fac5498-d45f-e911-a982-000d3af47939}" behavior="0" />
      <RootComponent type="29" id="{7b764a59-4e5e-e911-a982-000d3af42a5a}" behavior="0" />
      <RootComponent type="29" id="{a0aa99fd-7868-e911-b80a-005056833c5b}" behavior="0" />
      <RootComponent type="29" id="{bff36319-0b5c-e911-a97e-000d3af42a5a}" behavior="0" />
      <RootComponent type="29" id="{e9bb3432-4c5e-e911-a97a-000d3af45d23}" behavior="0" />
      <RootComponent type="36" id="{0d3eb7cb-095e-e911-a97a-000d3af45d23}" behavior="0" />
      <RootComponent type="50" schemaName=":RibbonDiffXml" behavior="0" />
      <RootComponent type="60" id="{0882c115-ea2b-4a02-9abe-bb1cdb92a4df}" behavior="0" />
      <RootComponent type="60" id="{184f46be-510b-4cae-b102-01dc69b648f9}" behavior="0" />
      <RootComponent type="60" id="{1be163c3-9e7e-e911-b80a-005056833c5b}" behavior="0" />
      <RootComponent type="60" id="{1d7d2ea7-1496-e911-b80c-005056833c5b}" behavior="0" />
      <RootComponent type="60" id="{20b2c88e-5111-4ded-b0e4-f99df4ee47dd}" behavior="0" />
      <RootComponent type="60" id="{2b4e948e-ecfa-4a8c-98af-50a6a21209c7}" behavior="0" />
      <RootComponent type="60" id="{3e83fd9f-fab7-4f32-a8a3-61de5303b597}" behavior="0" />
      <RootComponent type="60" id="{42852830-c917-49c6-8127-6a3fbb848d12}" behavior="0" />
      <RootComponent type="60" id="{4718540f-608d-4336-95c1-37fbea6c053f}" behavior="0" />
      <RootComponent type="60" id="{4753864d-24e5-4c20-a001-a73e9af1bf9f}" behavior="0" />
      <RootComponent type="60" id="{4ab78ace-527d-4e7f-a365-fc3ae563fdf8}" behavior="0" />
      <RootComponent type="60" id="{4e82534e-d9e7-423c-b905-e0e85223b735}" behavior="0" />
      <RootComponent type="60" id="{5e5537f1-eee6-4d9b-98a7-c0eddc60f5a2}" behavior="0" />
      <RootComponent type="60" id="{6048715e-9d7e-e911-b80a-005056833c5b}" behavior="0" />
      <RootComponent type="60" id="{726861fb-680c-4637-b982-4df71c4dc50f}" behavior="0" />
      <RootComponent type="60" id="{7723906c-0273-46ed-ba86-05a21ba4a657}" behavior="0" />
      <RootComponent type="60" id="{79ee0c4b-408b-4c39-abcd-0419baf51fb2}" behavior="0" />
      <RootComponent type="60" id="{8ee724be-8080-4c9f-a443-d24c2097e06a}" behavior="0" />
      <RootComponent type="60" id="{9d2729cd-31a1-e911-b80c-005056833c5b}" behavior="0" />
      <RootComponent type="60" id="{b2d87f8b-e657-4b40-8a8a-90218f4fc21a}" behavior="0" />
      <RootComponent type="60" id="{b6663f05-632b-4a3f-b25d-38b1e847005c}" behavior="0" />
      <RootComponent type="60" id="{b8653bc5-ce7c-e911-b80a-005056833c5b}" behavior="0" />
      <RootComponent type="60" id="{be9a0610-b878-46b2-91fb-eabb80b837ea}" behavior="0" />
      <RootComponent type="60" id="{c7087e4e-bb5f-48ea-83e4-6845389b971b}" behavior="0" />
      <RootComponent type="60" id="{c7805b2d-7c7e-48d4-a09c-697f1d103123}" behavior="0" />
      <RootComponent type="60" id="{d2847edd-16a2-46c5-9597-83685c2f3406}" behavior="0" />
      <RootComponent type="60" id="{ec4dde39-c27f-4325-8b6e-932bfa4746b9}" behavior="0" />
      <RootComponent type="60" id="{edd5047e-2f3a-438b-baa3-3e0daba1b17b}" behavior="0" />
      <RootComponent type="60" id="{ee154e0d-0f2b-452d-8965-f0a398abcb3b}" behavior="0" />
      <RootComponent type="60" id="{f328d84f-a698-4e72-9297-67ac7efb3dde}" behavior="0" />
      <RootComponent type="60" id="{f39d315e-8166-415c-a472-6c0ab1423c0f}" behavior="0" />
      <RootComponent type="60" id="{f87e1bf4-d2d8-4e44-8801-5a0766fa4014}" behavior="0" />
      <RootComponent type="61" schemaName="educ_AdvancedFindIcon" behavior="0" />
      <RootComponent type="61" schemaName="educ_AdvancedFindIcon_White" behavior="0" />
      <RootComponent type="61" schemaName="educ_AdvancedFindRibbionAddOn" behavior="0" />
      <RootComponent type="61" schemaName="educ_AdvancedFindRibbonAddOn" behavior="0" />
      <RootComponent type="61" schemaName="educ_assignment.js" behavior="0" />
      <RootComponent type="61" schemaName="educ_Assignment_Icon" behavior="0" />
      <RootComponent type="61" schemaName="educ_Credential_Icon" behavior="0" />
      <RootComponent type="61" schemaName="educ_Educ_Logo_Banner" behavior="0" />
      <RootComponent type="61" schemaName="educ_expense.js" behavior="0" />
      <RootComponent type="61" schemaName="educ_Expense_Icon" behavior="0" />
      <RootComponent type="61" schemaName="educ_GeneratePaymentIcon" behavior="0" />
      <RootComponent type="61" schemaName="educ_logo.png" behavior="0" />
      <RootComponent type="61" schemaName="educ_PaymentIcon" behavior="0" />
      <RootComponent type="61" schemaName="educ_session.js" behavior="0" />
      <RootComponent type="61" schemaName="educ_Session_Icon" behavior="0" />
      <RootComponent type="62" schemaName="educ_ECAS" behavior="0" />
      <RootComponent type="70" id="{e1876cda-505d-e911-a98d-000d3af438b6}" behavior="0" />
      <RootComponent type="80" schemaName="educ_ECAS" behavior="0" />
    </RootComponents>
    <MissingDependencies>
      <MissingDependency>
        <Required key="0" type="1" schemaName="msdyn_wallsavedqueryusersettings" displayName="Filter" solution="ActivityFeedsCore (9.0.0.0)" />
        <Dependent key="1" type="1" schemaName="systemuser" displayName="User" />
      </MissingDependency>
      <MissingDependency>
        <Required key="2" type="1" schemaName="incident" displayName="Case" solution="msdynce_Service (9.0.5.56)" />
        <Dependent key="3" type="80" schemaName="educ_ECAS" displayName="ECAS" />
      </MissingDependency>
      <MissingDependency>
        <Required key="4" type="1" schemaName="entitlement" displayName="Entitlement" solution="msdynce_Service (9.0.5.56)" />
        <Dependent key="3" type="80" schemaName="educ_ECAS" displayName="ECAS" />
      </MissingDependency>
      <MissingDependency>
        <Required key="5" type="2" schemaName="territoryid" displayName="Territory" parentSchemaName="systemuser" parentDisplayName="User" solution="msdynce_AppCommon (9.0.4.0066)" />
        <Dependent key="6" type="60" displayName="Information" parentDisplayName="User" id="{c0d7d7dd-afd0-4675-85fe-1cc5a48be6df}" />
      </MissingDependency>
      <MissingDependency>
        <Required key="7" type="2" schemaName="siteid" displayName="Site" parentSchemaName="systemuser" parentDisplayName="User" solution="msdynce_Service (9.0.5.56)" />
        <Dependent key="6" type="60" displayName="Information" parentDisplayName="User" id="{c0d7d7dd-afd0-4675-85fe-1cc5a48be6df}" />
      </MissingDependency>
      <MissingDependency>
        <Required key="8" type="60" displayName="Contacts Dashboard" parentDisplayName="Contact" solution="msdynce_Service (9.0.5.56)" id="{70ad8b15-e3f3-4d7d-9e4b-16cb4e51b484}" />
        <Dependent key="3" type="80" schemaName="educ_ECAS" displayName="ECAS" />
      </MissingDependency>
      <MissingDependency>
        <Required key="9" type="66" schemaName="MscrmControls.AutoComplete.AutoCompleteControl" displayName="MscrmControls.AutoComplete.AutoCompleteControl" solution="CustomControlsCore (9.0.0002.3034)" />
        <Dependent key="10" type="60" displayName="ECAS Contractor Form" parentDisplayName="Contact" id="{726861fb-680c-4637-b982-4df71c4dc50f}" />
      </MissingDependency>
      <MissingDependency>
        <Required key="11" type="66" schemaName="MscrmControls.LinearGauge.LinearGaugeControl" displayName="MscrmControls.LinearGauge.LinearGaugeControl" solution="CustomControlsCore (9.0.0002.3034)" />
        <Dependent key="12" type="60" displayName="Information" parentDisplayName="Assignment" id="{7723906c-0273-46ed-ba86-05a21ba4a657}" />
      </MissingDependency>
      <MissingDependency>
        <Required key="13" type="66" schemaName="MscrmControls.OptionSet.OptionSetControl" displayName="MscrmControls.OptionSet.OptionSetControl" solution="CustomControlsCore (9.0.0002.3034)" />
        <Dependent key="14" type="60" displayName="Information" parentDisplayName="Credential" id="{4718540f-608d-4336-95c1-37fbea6c053f}" />
      </MissingDependency>
      <MissingDependency>
        <Required key="13" type="66" schemaName="MscrmControls.OptionSet.OptionSetControl" displayName="MscrmControls.OptionSet.OptionSetControl" solution="CustomControlsCore (9.0.0002.3034)" />
        <Dependent key="15" type="60" displayName="Information" parentDisplayName="Expense Code" id="{c7087e4e-bb5f-48ea-83e4-6845389b971b}" />
      </MissingDependency>
      <MissingDependency>
        <Required key="13" type="66" schemaName="MscrmControls.OptionSet.OptionSetControl" displayName="MscrmControls.OptionSet.OptionSetControl" solution="CustomControlsCore (9.0.0002.3034)" />
        <Dependent key="16" type="60" displayName="Information" parentDisplayName="Expense" id="{f328d84f-a698-4e72-9297-67ac7efb3dde}" />
      </MissingDependency>
      <MissingDependency>
        <Required key="13" type="66" schemaName="MscrmControls.OptionSet.OptionSetControl" displayName="MscrmControls.OptionSet.OptionSetControl" solution="CustomControlsCore (9.0.0002.3034)" />
        <Dependent key="17" type="60" displayName="Expense Quick Create" parentDisplayName="Expense" id="{ec4dde39-c27f-4325-8b6e-932bfa4746b9}" />
      </MissingDependency>
      <MissingDependency>
        <Required key="18" type="66" schemaName="MscrmControls.Signature.SignatureControl" displayName="MscrmControls.Signature.SignatureControl" solution="CustomControlsCore (9.0.0002.3034)" />
        <Dependent key="19" type="60" displayName="Information" parentDisplayName="Session" id="{edd5047e-2f3a-438b-baa3-3e0daba1b17b}" />
      </MissingDependency>
      <MissingDependency>
        <Required key="20" type="66" schemaName="MscrmControls.InputMask.InputMaskControl" displayName="MscrmControls.InputMask.InputMaskControl" solution="CustomControlsCore (9.0.0002.3034)" />
        <Dependent key="10" type="60" displayName="ECAS Contractor Form" parentDisplayName="Contact" id="{726861fb-680c-4637-b982-4df71c4dc50f}" />
      </MissingDependency>
      <MissingDependency>
        <Required key="21" type="66" schemaName="MscrmControls.FlipSwitch.FlipSwitchControl" displayName="MscrmControls.FlipSwitch.FlipSwitchControl" solution="CustomControlsCore (9.0.0002.3034)" />
        <Dependent key="16" type="60" displayName="Information" parentDisplayName="Expense" id="{f328d84f-a698-4e72-9297-67ac7efb3dde}" />
      </MissingDependency>
      <MissingDependency>
        <Required key="22" type="61" schemaName="msdyn_/ActivityFeeds.Form.js" displayName="msdyn_/ActivityFeeds.Form.js" solution="ActivityFeedsCore (9.0.0.0)" />
        <Dependent key="6" type="60" displayName="Information" parentDisplayName="User" id="{c0d7d7dd-afd0-4675-85fe-1cc5a48be6df}" />
      </MissingDependency>
      <MissingDependency>
        <Required key="23" type="61" schemaName="msdyn_/RecordWall.htm" displayName="msdyn_/RecordWall.htm" solution="ActivityFeedsCore (9.0.0.0)" />
        <Dependent key="6" type="60" displayName="Information" parentDisplayName="User" id="{c0d7d7dd-afd0-4675-85fe-1cc5a48be6df}" />
      </MissingDependency>
    </MissingDependencies>
  </SolutionManifest>
</ImportExportXml>